domain,symptom,n_present,prevalence,rate_correct,rate_incorrect,diff_incorrect_minus_correct,spearman_rho_vs_correct,spearman_pval_vs_correct
coding,variable_role_swap,23,0.9583333333333334,1.0,0.9166666666666666,-0.08333333333333337,0.20851441405707474,0.3281832618806708
coding,branch_entanglement,13,0.5416666666666666,0.6666666666666666,0.4166666666666667,-0.24999999999999994,0.2508726030021272,0.23703236022618182
coding,spec_state_drift,12,0.5,0.5833333333333334,0.4166666666666667,-0.16666666666666669,0.16666666666666666,0.4363469001394355
coding,loop_state_forgetting,7,0.2916666666666667,0.25,0.3333333333333333,0.08333333333333331,-0.09166984970282112,0.6700978876143665
coding,invariant_drop,4,0.16666666666666666,0.08333333333333333,0.25,0.16666666666666669,-0.2236067977499789,0.2935620234751733
coding,patch_backtracking,0,0.0,0.0,0.0,0.0,,
