domain,symptom,n_present,prevalence,rate_correct,rate_incorrect,diff_incorrect_minus_correct,spearman_rho_vs_correct,spearman_pval_vs_correct
math,repair_without_recovery,128,0.5203252032520326,0.34615384615384615,0.7155172413793104,0.36936339522546424,-0.3690698224712593,2.3538359669120564e-09
math,variable_binding_drift,73,0.2967479674796748,0.16153846153846155,0.4482758620689655,0.286737400530504,-0.313328956893485,5.269618092991746e-07
math,assumption_drift,63,0.25609756097560976,0.2153846153846154,0.3017241379310345,0.08633952254641908,-0.09874485896906049,0.12243293490297243
math,case_split_instability,5,0.02032520325203252,0.023076923076923078,0.017241379310344827,-0.005835543766578251,0.020643744623543063,0.747324126364835
math,subgoal_frame_loss,3,0.012195121951219513,0.015384615384615385,0.008620689655172414,-0.006763925729442972,0.030763499482599325,0.6311116394583322
math,invariant_drift,2,0.008130081300813009,0.007692307692307693,0.008620689655172414,0.0009283819628647209,-0.005160805050639795,0.9358138807538378
