domain,symptom,n_present,prevalence,rate_correct,rate_incorrect,diff_incorrect_minus_correct,spearman_rho_vs_correct,spearman_pval_vs_correct
coding,variable_role_swap,22,0.08661417322834646,0.0962962962962963,0.07563025210084033,-0.020666044195455965,0.03666421457318685,0.5608059223179485
coding,branch_entanglement,20,0.07874015748031496,0.08888888888888889,0.06722689075630252,-0.021661998132586374,0.04013432400956992,0.5242958329494789
coding,spec_state_drift,14,0.05511811023622047,0.06666666666666667,0.04201680672268908,-0.024649859943977587,0.05389955533050277,0.3923283578718717
coding,invariant_drop,9,0.03543307086614173,0.037037037037037035,0.03361344537815126,-0.003423591658885776,0.009240979943293006,0.8834843172196379
coding,loop_state_forgetting,0,0.0,0.0,0.0,0.0,,
coding,patch_backtracking,0,0.0,0.0,0.0,0.0,,
