domain,symptom,n_present,prevalence,rate_correct,rate_incorrect,diff_incorrect_minus_correct,spearman_rho_vs_correct,spearman_pval_vs_correct
science,mechanism_frame_swap,19,0.7916666666666666,0.8333333333333334,0.75,-0.08333333333333337,0.1025978352085154,0.6333229661303192
science,constraint_mismatch,16,0.6666666666666666,0.8333333333333334,0.5,-0.33333333333333337,0.35355339059327373,0.0901080394599839
science,repair_without_recovery,15,0.625,0.5,0.75,0.25,-0.2581988897471611,0.22315823499685372
science,entity_binding_drift,5,0.20833333333333334,0.3333333333333333,0.08333333333333333,-0.25,0.30779350562554625,0.14341992959140357
science,evidence_misread,5,0.20833333333333334,0.16666666666666666,0.25,0.08333333333333334,-0.1025978352085154,0.6333229661303192
science,unit_scale_slip,0,0.0,0.0,0.0,0.0,,
