domain,symptom,n_present,prevalence,rate_correct,rate_incorrect,diff_incorrect_minus_correct,spearman_rho_vs_correct,spearman_pval_vs_correct
coding,variable_role_swap,22,0.9166666666666666,1.0,0.8333333333333334,-0.16666666666666663,0.30151134457776363,0.15219615864044403
coding,spec_state_drift,16,0.6666666666666666,0.75,0.5833333333333334,-0.16666666666666663,0.17677669529663687,0.4086162122825672
coding,branch_entanglement,16,0.6666666666666666,0.75,0.5833333333333334,-0.16666666666666663,0.17677669529663687,0.4086162122825672
coding,invariant_drop,6,0.25,0.25,0.25,0.0,0.0,1.0
coding,loop_state_forgetting,1,0.041666666666666664,0.0,0.08333333333333333,0.08333333333333333,-0.20851441405707474,0.3281832618806708
coding,patch_backtracking,0,0.0,0.0,0.0,0.0,,
