domain,symptom,n_present,prevalence,rate_correct,rate_incorrect,diff_incorrect_minus_correct,spearman_rho_vs_correct,spearman_pval_vs_correct
science,repair_without_recovery,54,0.216,0.1732283464566929,0.2601626016260163,0.08693425516932338,-0.1056137438911692,0.09567474098975788
science,mechanism_frame_swap,50,0.2,0.16535433070866143,0.23577235772357724,0.07041802701491581,-0.0880112661631495,0.16535035361040828
science,constraint_mismatch,38,0.152,0.1732283464566929,0.13008130081300814,-0.04314704564368477,0.06008218961487686,0.3441093456997721
science,entity_binding_drift,31,0.124,0.11811023622047244,0.13008130081300814,0.011971064592535705,-0.01815868044422964,0.775108958770762
science,evidence_misread,8,0.032,0.03937007874015748,0.024390243902439025,-0.014979834837718455,0.04255090140945657,0.5030359686216698
science,unit_scale_slip,1,0.004,0.007874015748031496,0.0,-0.007874015748031496,0.06236644966813751,0.3260433570053369
